[
{
    "model": "auth.user",
    "pk": 1,
    "fields": {
        "password": "pbkdf2_sha256$100000$PxTdH0nnhjiG$lM0NZxIAtvnEtNPia/yISS5bii52a2z3vJeeJ80gybE=",
        "last_login": "2018-07-30T09:37:54.999Z",
        "is_superuser": true,
        "username": "arun",
        "first_name": "arun",
        "last_name": "sharma",
        "email": "arun@admin.com",
        "is_staff": true,
        "is_active": true,
        "date_joined": "2018-07-07T06:19:27Z",
        "groups": [],
        "user_permissions": []
    }
},
{
    "model": "auth.user",
    "pk": 7,
    "fields": {
        "password": "pbkdf2_sha256$100000$BjpKreooA1Ti$8ZiJF747xctcvART0gA2x1HZ1E/jhGbbLH9YBU5hlgQ=",
        "last_login": "2018-07-12T10:00:20.770Z",
        "is_superuser": false,
        "username": "vidit",
        "first_name": "vidit",
        "last_name": "aggarwal",
        "email": "tritronics_test@ampereplus.com",
        "is_staff": false,
        "is_active": true,
        "date_joined": "2018-07-12T09:59:43.783Z",
        "groups": [],
        "user_permissions": []
    }
},
{
    "model": "auth.user",
    "pk": 9,
    "fields": {
        "password": "pbkdf2_sha256$100000$uBj6o0RQHKPD$DnuRH4FjkWOgzcRBJK1sG9Z/TwJi1F1CIWA+K7IKfnU=",
        "last_login": "2018-07-30T10:14:57.714Z",
        "is_superuser": false,
        "username": "micky",
        "first_name": "micky",
        "last_name": "sharma",
        "email": "tritronics@ampereplus.com",
        "is_staff": true,
        "is_active": true,
        "date_joined": "2018-07-16T13:59:35Z",
        "groups": [],
        "user_permissions": []
    }
},
{
    "model": "sessions.session",
    "pk": "035m8mc8c9zqa5fhiil846c85ve9g8w7",
    "fields": {
        "session_data": "YjNjYzI4ZGNlMTEwNmM0Yzk1OGI1YzNmZTk1N2RkZGQ4YWY1NDMzZDp7Il9hdXRoX3VzZXJfYmFja2VuZCI6ImRqYW5nby5jb250cmliLmF1dGguYmFja2VuZHMuTW9kZWxCYWNrZW5kIiwiX2F1dGhfdXNlcl9oYXNoIjoiMDk1MzQzNDhkYmI3ZGE1ZjM0OGY2OTJmOGQzNDdmOGY0ZTEzYzA2ZCIsIl9hdXRoX3VzZXJfaWQiOiIxIn0=",
        "expire_date": "2018-07-26T10:51:37.706Z"
    }
},
{
    "model": "sessions.session",
    "pk": "0fk8uhd671knm2lj6sdbxs1jdr74qrc3",
    "fields": {
        "session_data": "YjNjYzI4ZGNlMTEwNmM0Yzk1OGI1YzNmZTk1N2RkZGQ4YWY1NDMzZDp7Il9hdXRoX3VzZXJfYmFja2VuZCI6ImRqYW5nby5jb250cmliLmF1dGguYmFja2VuZHMuTW9kZWxCYWNrZW5kIiwiX2F1dGhfdXNlcl9oYXNoIjoiMDk1MzQzNDhkYmI3ZGE1ZjM0OGY2OTJmOGQzNDdmOGY0ZTEzYzA2ZCIsIl9hdXRoX3VzZXJfaWQiOiIxIn0=",
        "expire_date": "2018-08-06T11:33:35.674Z"
    }
},
{
    "model": "sessions.session",
    "pk": "0una78joo72kgt51cz62kkoun4lzlg7w",
    "fields": {
        "session_data": "MWI3MjUxOTgzMWEwYjM3NWRjMDM4ODk3ZmI1YjU1MjE2Y2U4NTAzODp7Il9hdXRoX3VzZXJfYmFja2VuZCI6ImFsbGF1dGguYWNjb3VudC5hdXRoX2JhY2tlbmRzLkF1dGhlbnRpY2F0aW9uQmFja2VuZCIsIl9hdXRoX3VzZXJfaWQiOiI0IiwiX2F1dGhfdXNlcl9oYXNoIjoiYzViMzcxYjQ0MmVlYmMxZTAxZTAyZWMzNGRmYTdhNzg0Mzk2ZjVhOSJ9",
        "expire_date": "2018-07-24T14:59:03.854Z"
    }
},
{
    "model": "sessions.session",
    "pk": "3pxrgc5whi1l9f3ltpcc4v8zzqus5q6o",
    "fields": {
        "session_data": "ZGUyMTMyYTQwY2Y2N2QwZTY1ZjBjZDJiYTRmOWFlOTA1NWU5NjNkODp7InVzZXIiOiJ1c2VyIn0=",
        "expire_date": "2018-08-10T18:14:36.519Z"
    }
},
{
    "model": "sessions.session",
    "pk": "7xpo0iakk3zsikverz6tj3ud4oqouwof",
    "fields": {
        "session_data": "YzE4MDg3OTM5YmYwMzZiNDcxYjRmYmRlMWY0ZGNiZmFkMDYwZWIwMjp7Il9hdXRoX3VzZXJfaGFzaCI6IjkyODliZmI0MTQ2MDZkYjIxZDYzMGMwOWZiMGE2MjBjZDk5NDJjYWUiLCJfYXV0aF91c2VyX2JhY2tlbmQiOiJkamFuZ28uY29udHJpYi5hdXRoLmJhY2tlbmRzLk1vZGVsQmFja2VuZCIsIl9hdXRoX3VzZXJfaWQiOiIxMSJ9",
        "expire_date": "2018-08-08T18:15:59.790Z"
    }
},
{
    "model": "sessions.session",
    "pk": "c3uf0vwr5iswj8xqirumj0ehwf1k5yxa",
    "fields": {
        "session_data": "ZmIwOWRiNWYyZWJlMGZiMDE1NWZjMjlkMzU1ODkwODkwOGIwMjdlNTp7fQ==",
        "expire_date": "2018-07-23T10:11:42.108Z"
    }
},
{
    "model": "sessions.session",
    "pk": "c5w3xuox05wsjua8t6wmkapzsfmcxjfe",
    "fields": {
        "session_data": "Njc2ZThjZmFhNzdlMjMxMjM3N2U1OGMzMjIwMWVhZjIzZWRiM2FkMzp7Il9hdXRoX3VzZXJfaWQiOiIxIiwiX2F1dGhfdXNlcl9iYWNrZW5kIjoiZGphbmdvLmNvbnRyaWIuYXV0aC5iYWNrZW5kcy5Nb2RlbEJhY2tlbmQiLCJfYXV0aF91c2VyX2hhc2giOiIwOTUzNDM0OGRiYjdkYTVmMzQ4ZjY5MmY4ZDM0N2Y4ZjRlMTNjMDZkIn0=",
        "expire_date": "2018-08-06T10:42:25.958Z"
    }
},
{
    "model": "sessions.session",
    "pk": "c7b26jw090ythl1bys5j5xuc8c1544ct",
    "fields": {
        "session_data": "ZDNhNmU2NmYyNWM1OTBiOTU1ODA5MGNjZWMyMzA1MTFkYjBhNjJlYjp7Il9hdXRoX3VzZXJfaGFzaCI6IjA5NTM0MzQ4ZGJiN2RhNWYzNDhmNjkyZjhkMzQ3ZjhmNGUxM2MwNmQiLCJfYXV0aF91c2VyX2JhY2tlbmQiOiJkamFuZ28uY29udHJpYi5hdXRoLmJhY2tlbmRzLk1vZGVsQmFja2VuZCIsIl9hdXRoX3VzZXJfaWQiOiIxIn0=",
        "expire_date": "2018-08-07T13:50:45.331Z"
    }
},
{
    "model": "sessions.session",
    "pk": "g9uyc2objz3byvnswag6b3lnpqobzaqx",
    "fields": {
        "session_data": "NWJmNWExZjg2NGQ0ZmRiODAzMDMwMjk5MTA3Njg2M2FhMGNkZWZlMDp7Il9wYXNzd29yZF9yZXNldF90b2tlbiI6IjR5Ni1hNDk2NTE0NzZmMGM2MTU0NWM3MCJ9",
        "expire_date": "2018-08-08T19:34:50.144Z"
    }
},
{
    "model": "sessions.session",
    "pk": "gd1pewr4tdjxss5f3ttuayy5nwuogxgw",
    "fields": {
        "session_data": "NGRhYzI3OWQ3YzkyZGViOWMzMmFlMmQyOTYzMWRmZmIxNjY3YzJlYTp7InVzZXIiOjEyMjR9",
        "expire_date": "2018-08-10T18:11:00.899Z"
    }
},
{
    "model": "sessions.session",
    "pk": "gi0bajjyfnvoyeo8nq66bh8ra84kuwzo",
    "fields": {
        "session_data": "MTczOGQ1MWI4NmU4YWNjNWExYmIzNmNlMWUyMDQxNGI5M2ExYjIxYzp7Il9hdXRoX3VzZXJfaWQiOiIxIiwiX2F1dGhfdXNlcl9iYWNrZW5kIjoiZGphbmdvLmNvbnRyaWIuYXV0aC5iYWNrZW5kcy5Nb2RlbEJhY2tlbmQiLCJ1c2VyIjoiZ3Vlc3QiLCJfYXV0aF91c2VyX2hhc2giOiIwOTUzNDM0OGRiYjdkYTVmMzQ4ZjY5MmY4ZDM0N2Y4ZjRlMTNjMDZkIn0=",
        "expire_date": "2018-08-10T18:06:48.483Z"
    }
},
{
    "model": "sessions.session",
    "pk": "gpovjrrild0pxl992t22xnzzlt1aj8t8",
    "fields": {
        "session_data": "YjNjYzI4ZGNlMTEwNmM0Yzk1OGI1YzNmZTk1N2RkZGQ4YWY1NDMzZDp7Il9hdXRoX3VzZXJfYmFja2VuZCI6ImRqYW5nby5jb250cmliLmF1dGguYmFja2VuZHMuTW9kZWxCYWNrZW5kIiwiX2F1dGhfdXNlcl9oYXNoIjoiMDk1MzQzNDhkYmI3ZGE1ZjM0OGY2OTJmOGQzNDdmOGY0ZTEzYzA2ZCIsIl9hdXRoX3VzZXJfaWQiOiIxIn0=",
        "expire_date": "2018-08-06T14:17:40.973Z"
    }
},
{
    "model": "sessions.session",
    "pk": "hl0gcay8glbe1zvdn8k1v6ukh4ipi6og",
    "fields": {
        "session_data": "YjNjYzI4ZGNlMTEwNmM0Yzk1OGI1YzNmZTk1N2RkZGQ4YWY1NDMzZDp7Il9hdXRoX3VzZXJfYmFja2VuZCI6ImRqYW5nby5jb250cmliLmF1dGguYmFja2VuZHMuTW9kZWxCYWNrZW5kIiwiX2F1dGhfdXNlcl9oYXNoIjoiMDk1MzQzNDhkYmI3ZGE1ZjM0OGY2OTJmOGQzNDdmOGY0ZTEzYzA2ZCIsIl9hdXRoX3VzZXJfaWQiOiIxIn0=",
        "expire_date": "2018-08-06T14:19:41.417Z"
    }
},
{
    "model": "sessions.session",
    "pk": "jwvzvztn5oohjp383qzv08gmqgxjnteh",
    "fields": {
        "session_data": "NmY4ZjhiYThkOGE3NzA3ZWIwZDdkYzFjMjg1OTBlODg0ZjIzYTk0MDp7Il9hdXRoX3VzZXJfaGFzaCI6ImNlYTQzMGY4OWI4N2Q2MTRiMGY4OTQzYzBjYzQxNjk2Y2NiOTcyZDEiLCJfYXV0aF91c2VyX2JhY2tlbmQiOiJkamFuZ28uY29udHJpYi5hdXRoLmJhY2tlbmRzLk1vZGVsQmFja2VuZCIsInVzZXIiOiJndWVzdCIsIl9hdXRoX3VzZXJfaWQiOiI5In0=",
        "expire_date": "2018-08-13T10:15:14.664Z"
    }
},
{
    "model": "sessions.session",
    "pk": "kwec1ltm2i7fyjtzaj337616cxmykm26",
    "fields": {
        "session_data": "MzE5MTI0MTE0NDMyZDVkZmE3ODNiMDY3YTUyOGI3OWMyNDc0MDA1ZTp7InVzZXIiOiJndWVzdCJ9",
        "expire_date": "2018-08-11T11:42:14.502Z"
    }
},
{
    "model": "sessions.session",
    "pk": "m1yn7fufg47cmlhbo4zppu96xgzcdkie",
    "fields": {
        "session_data": "NDg0MTI2ODkzYmFiMjgyZGZiNmE2NjkzZjljNGY1N2QyODBhZGRmOTp7Il9hdXRoX3VzZXJfaWQiOiIxIiwiX2F1dGhfdXNlcl9iYWNrZW5kIjoiZGphbmdvLmNvbnRyaWIuYXV0aC5iYWNrZW5kcy5Nb2RlbEJhY2tlbmQiLCJzb2NpYWxhY2NvdW50X3N0YXRlIjpbeyJhdXRoX3BhcmFtcyI6IiIsInByb2Nlc3MiOiJsb2dpbiIsInNjb3BlIjoiIn0sImZObzg2bkxndkR1WCJdLCJfYXV0aF91c2VyX2hhc2giOiIwOTUzNDM0OGRiYjdkYTVmMzQ4ZjY5MmY4ZDM0N2Y4ZjRlMTNjMDZkIn0=",
        "expire_date": "2018-08-06T11:09:59.909Z"
    }
},
{
    "model": "sessions.session",
    "pk": "mc6qvi1i6ntf50h8dcrxzi3lacwc6xtq",
    "fields": {
        "session_data": "MTEwY2ZjZDZmOWNmMjczYWU2YWE4Zjc0NjM1N2U4MjM5MjNlYmRlZjp7InByb2R1Y3QiOiJUZXN0IDEiLCJxdWFudGl0eSI6IjEwIiwiYWN0dWFsX3ByaWNlIjoiNDAwMCIsInRvdGFsX2Nvc3QiOiIzNDQwIn0=",
        "expire_date": "2018-08-09T17:00:06.679Z"
    }
},
{
    "model": "sessions.session",
    "pk": "n9lp6kn1qjf49wptpds97lbsqub4qfen",
    "fields": {
        "session_data": "ZTMwYzM3MmZiZTM0ZTg0ZDliNDM5ZTc5MmY2ODU2OTE3OWExNzAxZjp7InF1YW50aXR5IjoiMTAiLCJhY3R1YWxfY29zdCI6IjQwMDAiLCJ1bmlxdWVfa2V5IjoxMjMsInRvdGFsX2Nvc3QiOiI2NzY1IiwiaXRlbSI6IlRlc3QgMSJ9",
        "expire_date": "2018-08-09T12:28:24.599Z"
    }
},
{
    "model": "sessions.session",
    "pk": "nxueppdiu6god74s7y5n1jn6hgv1ibiy",
    "fields": {
        "session_data": "ZmIwOWRiNWYyZWJlMGZiMDE1NWZjMjlkMzU1ODkwODkwOGIwMjdlNTp7fQ==",
        "expire_date": "2018-07-26T11:30:10.120Z"
    }
},
{
    "model": "sessions.session",
    "pk": "spjywoneapow7dpug4aa0mi9wu1qcnoi",
    "fields": {
        "session_data": "MzAwMmI5NWExNTBjNDhmNzkyYjYwMzEwODRmNTYzNzVlMGM1NjAzNjp7Il9wYXNzd29yZF9yZXNldF90b2tlbiI6IjR5Ny03YThhNzU2MmFmODRmOWE0NGRkOSJ9",
        "expire_date": "2018-08-09T08:10:05.701Z"
    }
},
{
    "model": "sessions.session",
    "pk": "szxigsl5jp6jtsshj21t3uha3fdsamop",
    "fields": {
        "session_data": "Nzk1MTBkMmViMzRiMDYwNDFlY2MwMWY1MmJjNWUxOTIyYjI2ZjZkYzp7Il9hdXRoX3VzZXJfaGFzaCI6IjA5NTM0MzQ4ZGJiN2RhNWYzNDhmNjkyZjhkMzQ3ZjhmNGUxM2MwNmQiLCJfYXV0aF91c2VyX2JhY2tlbmQiOiJkamFuZ28uY29udHJpYi5hdXRoLmJhY2tlbmRzLk1vZGVsQmFja2VuZCIsInVzZXIiOiJndWVzdCIsIl9hdXRoX3VzZXJfaWQiOiIxIn0=",
        "expire_date": "2018-08-13T10:19:19.428Z"
    }
},
{
    "model": "sessions.session",
    "pk": "vfzxqlom00xrkce52bdwb2jzswdb30ma",
    "fields": {
        "session_data": "ZTlhNjQ1MjM5M2YyZTZjOGJlYzg4MTIxOGIwMmI0MDJiMzJhNjIyYjp7Il9hdXRoX3VzZXJfaWQiOiIxMiIsIl9hdXRoX3VzZXJfaGFzaCI6IjBmNGY2YTkzZjJhMzc2MGFiZjlkOTM2YTVlZTk0YzgwZDI4OWEyMzYiLCJfYXV0aF91c2VyX2JhY2tlbmQiOiJkamFuZ28uY29udHJpYi5hdXRoLmJhY2tlbmRzLk1vZGVsQmFja2VuZCJ9",
        "expire_date": "2018-08-06T07:28:12.352Z"
    }
},
{
    "model": "sessions.session",
    "pk": "xe9gkdrcst1mbs1qy0ztdzrh61pyho5k",
    "fields": {
        "session_data": "NDE0MTFlYzg4ZTkxMTk5NGQ3Nzg1ZDRjNDVmMGNmMjY0ZWMzOTRmYTp7Il9hdXRoX3VzZXJfaGFzaCI6IjA5NTM0MzQ4ZGJiN2RhNWYzNDhmNjkyZjhkMzQ3ZjhmNGUxM2MwNmQiLCJfYXV0aF91c2VyX2lkIjoiMSIsIl9hdXRoX3VzZXJfYmFja2VuZCI6ImRqYW5nby5jb250cmliLmF1dGguYmFja2VuZHMuTW9kZWxCYWNrZW5kIn0=",
        "expire_date": "2018-08-03T10:11:17.948Z"
    }
},
{
    "model": "sessions.session",
    "pk": "yxkobtb2v24q7k15gdgdnkrojw3fsinn",
    "fields": {
        "session_data": "MzE5MTI0MTE0NDMyZDVkZmE3ODNiMDY3YTUyOGI3OWMyNDc0MDA1ZTp7InVzZXIiOiJndWVzdCJ9",
        "expire_date": "2018-08-10T11:33:08.663Z"
    }
},
{
    "model": "sessions.session",
    "pk": "zmpl4ajro6g8bz0w4de21a1vj4fgq3tl",
    "fields": {
        "session_data": "ZmIwOWRiNWYyZWJlMGZiMDE1NWZjMjlkMzU1ODkwODkwOGIwMjdlNTp7fQ==",
        "expire_date": "2018-07-26T11:26:21.857Z"
    }
},
{
    "model": "products.product",
    "pk": 1,
    "fields": {
        "prod_name": "Test 2",
        "prod_desc": "This task is handled by the Vector VT System. It simplifies the setup of test benches and\r\nThis task is handled by the Vector VT System. It simplifies the setup of test benches and",
        "available": true,
        "communication_format": "wifi,sim",
        "PortType": "RS232",
        "PowerSource": "V1",
        "storage": false,
        "antenna": true,
        "rtc": true,
        "prod_price": 500.0,
        "sell_price": 550.0
    }
},
{
    "model": "products.product",
    "pk": 2,
    "fields": {
        "prod_name": "Test 1",
        "prod_desc": "TRI-TRONICS designs and manufactures high-quality \\nhigh-performance photoelectric sensors and fiber optic light guides for broad array of demanding industrial automation applications. The performance of TRI-TRONICS sensors in real-world applications sets us apart from the competition. What could your application gain from an order of magnitude improvement in sensor performance",
        "available": true,
        "communication_format": "wifi",
        "PortType": "U-ART",
        "PowerSource": "V2",
        "storage": false,
        "antenna": true,
        "rtc": false,
        "prod_price": 0.0,
        "sell_price": 400.0
    }
},
{
    "model": "products.product",
    "pk": 3,
    "fields": {
        "prod_name": "Test3",
        "prod_desc": "This task is handled by the Vector VT System. It simplifies the setup of test benches andThis task is handled by the Vector VT System. It simplifies the setup of test benches and",
        "available": true,
        "communication_format": "ethernet,bluetooth",
        "PortType": "RS232,RS485",
        "PowerSource": "V3",
        "storage": true,
        "antenna": false,
        "rtc": false,
        "prod_price": 5000.0,
        "sell_price": 5000.0
    }
},
{
    "model": "products.product",
    "pk": 4,
    "fields": {
        "prod_name": "Test 4",
        "prod_desc": "TRI-TRONICS designs and manufactures high-quality \\nhigh-performance photoelectric sensors and fiber optic light guides for broad array of demanding industrial automation applications. The performance of TRI-TRONICS sensors in real-world applications sets us apart from the competition. What could your application gain from an order of magnitude improvement in sensor performance",
        "available": true,
        "communication_format": "wifi,ethernet",
        "PortType": "RS232",
        "PowerSource": "V2",
        "storage": false,
        "antenna": true,
        "rtc": true,
        "prod_price": 0.0,
        "sell_price": 3000.0
    }
},
{
    "model": "products.checkout",
    "pk": 24,
    "fields": {
        "user": null,
        "order_id": "31645855",
        "order_time": "2018-07-27T18:04:11.638Z",
        "payment": "Cod",
        "total_price": "4730",
        "status": true
    }
},
{
    "model": "products.checkout",
    "pk": 25,
    "fields": {
        "user": [
            "arun"
        ],
        "order_id": "32810803",
        "order_time": "2018-07-27T18:04:08.758Z",
        "payment": "Cod",
        "total_price": "14265",
        "status": true
    }
},
{
    "model": "products.checkout",
    "pk": 26,
    "fields": {
        "user": null,
        "order_id": "37803663",
        "order_time": "2018-07-30T09:32:51.395Z",
        "payment": "Cod",
        "total_price": "11130",
        "status": true
    }
},
{
    "model": "products.checkout",
    "pk": 27,
    "fields": {
        "user": [
            "micky"
        ],
        "order_id": "77303816",
        "order_time": "2018-07-30T10:16:39.510Z",
        "payment": "Cod",
        "total_price": "6765",
        "status": false
    }
},
{
    "model": "products.cart",
    "pk": 122,
    "fields": {
        "unique_key": "hkehzorebg9r8e59e4jer5wpajg810lv",
        "product": 1,
        "user": null,
        "checkout": null,
        "product_prices": "2475",
        "actual_prices": "2750",
        "add_time": "2018-07-27T15:46:50.797Z",
        "quantity": "5"
    }
},
{
    "model": "products.cart",
    "pk": 127,
    "fields": {
        "unique_key": "wrno2j7gmkc3nu7by45hcc55ta294o6c",
        "product": 2,
        "user": null,
        "checkout": 26,
        "product_prices": "6400",
        "actual_prices": "8000",
        "add_time": "2018-07-27T18:06:28.337Z",
        "quantity": "20"
    }
},
{
    "model": "products.cart",
    "pk": 128,
    "fields": {
        "unique_key": "wrno2j7gmkc3nu7by45hcc55ta294o6c",
        "product": 1,
        "user": null,
        "checkout": 26,
        "product_prices": "4730",
        "actual_prices": "5500",
        "add_time": "2018-07-27T18:06:28.499Z",
        "quantity": "10"
    }
},
{
    "model": "products.cart",
    "pk": 135,
    "fields": {
        "unique_key": "gd1pewr4tdjxss5f3ttuayy5nwuogxgw",
        "product": 2,
        "user": null,
        "checkout": null,
        "product_prices": "6400",
        "actual_prices": "8000",
        "add_time": "2018-07-27T18:10:56.184Z",
        "quantity": "20"
    }
},
{
    "model": "products.cart",
    "pk": 136,
    "fields": {
        "unique_key": "gd1pewr4tdjxss5f3ttuayy5nwuogxgw",
        "product": 1,
        "user": null,
        "checkout": null,
        "product_prices": "10312.5",
        "actual_prices": "13750",
        "add_time": "2018-07-27T18:11:00.794Z",
        "quantity": "25"
    }
},
{
    "model": "products.cart",
    "pk": 139,
    "fields": {
        "unique_key": "3pxrgc5whi1l9f3ltpcc4v8zzqus5q6o",
        "product": 3,
        "user": null,
        "checkout": null,
        "product_prices": "22500",
        "actual_prices": "25000",
        "add_time": "2018-07-27T18:14:36.420Z",
        "quantity": "5"
    }
},
{
    "model": "products.cart",
    "pk": 143,
    "fields": {
        "unique_key": "1epksllqjgggv8k852kk7wa6y462ymke",
        "product": 1,
        "user": null,
        "checkout": null,
        "product_prices": "6765",
        "actual_prices": "8250",
        "add_time": "2018-07-28T11:37:25.210Z",
        "quantity": "15"
    }
},
{
    "model": "products.cart",
    "pk": 144,
    "fields": {
        "unique_key": "1epksllqjgggv8k852kk7wa6y462ymke",
        "product": 2,
        "user": null,
        "checkout": null,
        "product_prices": "3440",
        "actual_prices": "4000",
        "add_time": "2018-07-28T11:37:31.347Z",
        "quantity": "10"
    }
},
{
    "model": "products.cart",
    "pk": 148,
    "fields": {
        "unique_key": null,
        "product": 1,
        "user": null,
        "checkout": null,
        "product_prices": "6765",
        "actual_prices": "8250",
        "add_time": "2018-07-28T11:42:10.298Z",
        "quantity": "15"
    }
},
{
    "model": "products.cart",
    "pk": 149,
    "fields": {
        "unique_key": "kwec1ltm2i7fyjtzaj337616cxmykm26",
        "product": 2,
        "user": null,
        "checkout": null,
        "product_prices": "3440",
        "actual_prices": "4000",
        "add_time": "2018-07-28T11:42:14.400Z",
        "quantity": "10"
    }
},
{
    "model": "products.cart",
    "pk": 150,
    "fields": {
        "unique_key": null,
        "product": 1,
        "user": [
            "micky"
        ],
        "checkout": 27,
        "product_prices": "6765",
        "actual_prices": "8250",
        "add_time": "2018-07-30T10:16:39.600Z",
        "quantity": "15"
    }
},
{
    "model": "products.cart",
    "pk": 151,
    "fields": {
        "unique_key": null,
        "product": 2,
        "user": [
            "arun"
        ],
        "checkout": null,
        "product_prices": "6400",
        "actual_prices": "8000",
        "add_time": "2018-07-30T10:19:19.260Z",
        "quantity": "20"
    }
},
{
    "model": "accounts.contactus",
    "pk": 1,
    "fields": {
        "name": "wekh,s",
        "email": "arun@ampereplus.com",
        "subject": "EHKAJS",
        "message": "WFGTUELJMX "
    }
},
{
    "model": "accounts.contactus",
    "pk": 2,
    "fields": {
        "name": "arun",
        "email": "arun@ampereplus.com",
        "subject": "tewqdhs",
        "message": "gtwxdm"
    }
},
{
    "model": "accounts.contactus",
    "pk": 3,
    "fields": {
        "name": "ampereplus",
        "email": "arun.57-cse-15@mietjammu.in",
        "subject": "aaaa",
        "message": "fvhsf"
    }
},
{
    "model": "accounts.contactus",
    "pk": 4,
    "fields": {
        "name": "aihvcks",
        "email": "arun.57-cse-15@mietjammu.in",
        "subject": "afh",
        "message": "akjbcz"
    }
},
{
    "model": "accounts.contactus",
    "pk": 5,
    "fields": {
        "name": "ampereplus",
        "email": "arun.57-cse-15@mietjammu.in",
        "subject": "aaa",
        "message": "aaa"
    }
},
{
    "model": "accounts.contactus",
    "pk": 6,
    "fields": {
        "name": "dhw",
        "email": "tritronics_test@ampereplus.com",
        "subject": "asdf",
        "message": "fdasf"
    }
},
{
    "model": "accounts.contactus",
    "pk": 7,
    "fields": {
        "name": "ah",
        "email": "arun.57-cse-15@mietjammu.in",
        "subject": "aa",
        "message": "aaaa"
    }
},
{
    "model": "accounts.contactus",
    "pk": 8,
    "fields": {
        "name": "agj",
        "email": "arun.57-cse-15@mietjammu.in",
        "subject": "ad",
        "message": "dad"
    }
},
{
    "model": "accounts.contactus",
    "pk": 9,
    "fields": {
        "name": "q",
        "email": "tritronics_test@ampereplus.com",
        "subject": "aa",
        "message": "aaa"
    }
},
{
    "model": "accounts.contactus",
    "pk": 10,
    "fields": {
        "name": "a",
        "email": "tritronics_test@ampereplus.com",
        "subject": "ad",
        "message": "sbqld"
    }
},
{
    "model": "accounts.contactus",
    "pk": 11,
    "fields": {
        "name": "ampereplus",
        "email": "tritronics_test@ampereplus.com",
        "subject": "nnn",
        "message": "nnnn"
    }
},
{
    "model": "accounts.contactus",
    "pk": 12,
    "fields": {
        "name": "google",
        "email": "tritronics_test@ampereplus.com",
        "subject": "bbb",
        "message": "ghg"
    }
},
{
    "model": "accounts.contactus",
    "pk": 13,
    "fields": {
        "name": "ampereplus",
        "email": "tritronics_test@ampereplus.com",
        "subject": "ad",
        "message": "aaa"
    }
},
{
    "model": "accounts.contactus",
    "pk": 14,
    "fields": {
        "name": "ampereplus",
        "email": "tritronics_test@ampereplus.com",
        "subject": "bkkn",
        "message": "vf"
    }
},
{
    "model": "accounts.contactus",
    "pk": 15,
    "fields": {
        "name": "arun sharma",
        "email": "tritronics_test@ampereplus.com",
        "subject": "update",
        "message": "bla blababbababababa"
    }
},
{
    "model": "accounts.contactus",
    "pk": 16,
    "fields": {
        "name": "ampereplus",
        "email": "tritronics_test@ampereplus.com",
        "subject": "ad",
        "message": "sdfssf"
    }
},
{
    "model": "accounts.contactus",
    "pk": 17,
    "fields": {
        "name": "arun",
        "email": "arunsharma_26@yahoo.com",
        "subject": "test",
        "message": "test"
    }
},
{
    "model": "accounts.contactus",
    "pk": 18,
    "fields": {
        "name": "ampereplus",
        "email": "tritronics_test@ampereplus.com",
        "subject": "ad",
        "message": "test"
    }
},
{
    "model": "accounts.contactus",
    "pk": 19,
    "fields": {
        "name": "ampereplus",
        "email": "tritronics_test@ampereplus.com",
        "subject": "ad",
        "message": "kk"
    }
},
{
    "model": "accounts.contactus",
    "pk": 20,
    "fields": {
        "name": "ampereplus",
        "email": "tritronics_test@ampereplus.com",
        "subject": "aa",
        "message": "aaa"
    }
},
{
    "model": "accounts.contactus",
    "pk": 21,
    "fields": {
        "name": "ampereplus",
        "email": "arun.57-cse-15@mietjammu.in",
        "subject": "qwertyuiop",
        "message": "qwertsdfghjkl"
    }
},
{
    "model": "accounts.contactus",
    "pk": 22,
    "fields": {
        "name": "ampereplus",
        "email": "tritronics_test@ampereplus.com",
        "subject": "aaaaaaaaaaa",
        "message": "aaaaaaaaaaasm skjlknslnksz.lsnks,kslkns"
    }
},
{
    "model": "accounts.contactus",
    "pk": 23,
    "fields": {
        "name": "ampereplus",
        "email": "tritronics_test@ampereplus.com",
        "subject": "aaaaaaaaaaa",
        "message": "aaaaaaaaaaasm skjlknslnksz.lsnks,kslkns"
    }
},
{
    "model": "accounts.contactus",
    "pk": 24,
    "fields": {
        "name": "ampereplus",
        "email": "chander143420@gmail.com",
        "subject": "test",
        "message": "qwertyuikol"
    }
},
{
    "model": "accounts.contactus",
    "pk": 25,
    "fields": {
        "name": "ampereplus",
        "email": "tritronics_test@ampereplus.com",
        "subject": "aa",
        "message": "aaa"
    }
},
{
    "model": "accounts.contactus",
    "pk": 26,
    "fields": {
        "name": "aa",
        "email": "tritronics_test@ampereplus.com",
        "subject": "aa",
        "message": "aa"
    }
},
{
    "model": "accounts.contactus",
    "pk": 27,
    "fields": {
        "name": "aaa",
        "email": "arunsharma_26@yahoo.com",
        "subject": "aaa",
        "message": "aaa"
    }
},
{
    "model": "accounts.contactus",
    "pk": 28,
    "fields": {
        "name": "ampereplus",
        "email": "tritronics_test@ampereplus.com",
        "subject": "aa",
        "message": "aaa"
    }
},
{
    "model": "accounts.contactus",
    "pk": 29,
    "fields": {
        "name": "ampereplus",
        "email": "tritronics_test@ampereplus.com",
        "subject": "aa",
        "message": "aaa"
    }
},
{
    "model": "accounts.profile",
    "pk": 2,
    "fields": {
        "user": [
            "arun"
        ],
        "phone": "8825014588",
        "area": "delhi",
        "address": "Shahbad Daulatpur Main Bawana Road,Delhi,",
        "zipcode": "    180007",
        "tc": true
    }
},
{
    "model": "accounts.profile",
    "pk": 7,
    "fields": {
        "user": [
            "vidit"
        ],
        "phone": "8825014588",
        "area": "bhawana road",
        "address": " Shahbad Daulatpur Main Bawana Road,Delhi, ",
        "zipcode": "  110043",
        "tc": true
    }
},
{
    "model": "accounts.profile",
    "pk": 9,
    "fields": {
        "user": [
            "micky"
        ],
        "phone": "9555499647",
        "area": "delhi",
        "address": "B-503 sudershan park",
        "zipcode": " 114002",
        "tc": true
    }
},
{
    "model": "accounts.guestuser",
    "pk": 3,
    "fields": {
        "checkout": 24,
        "email": "arun@gmail.com",
        "name": "Arun sharma",
        "phone": "9906138916",
        "area": "NCR",
        "address": "delhi dwarka sec 2",
        "zipcode": "180007",
        "tc": false
    }
},
{
    "model": "accounts.guestuser",
    "pk": 4,
    "fields": {
        "checkout": 26,
        "email": "vidit@gmail.com",
        "name": "vidit aggarwal",
        "phone": "8825014588",
        "area": "Bhawana road",
        "address": "ampereplus DTU",
        "zipcode": "140075",
        "tc": false
    }
},
{
    "model": "Ambassador.ambassador",
    "pk": 2,
    "fields": {
        "user": [
            "arun"
        ],
        "college_address": "kjabskla",
        "college_name": "ajklad",
        "college_year": "adhadj",
        "skills": "adjaldkd",
        "motive": "kdakjadj",
        "responsibility": "a adm"
    }
},
{
    "model": "Ambassador.ambassador",
    "pk": 3,
    "fields": {
        "user": [
            "arun"
        ],
        "college_address": "kjabskla",
        "college_name": "ajklad",
        "college_year": "adhadj",
        "skills": "adjaldkd",
        "motive": "kdakjadj",
        "responsibility": "a adm"
    }
},
{
    "model": "Ambassador.ambassador",
    "pk": 4,
    "fields": {
        "user": [
            "arun"
        ],
        "college_address": "jlafwn",
        "college_name": "wqagfge",
        "college_year": "gssbga",
        "skills": "fkkjsef",
        "motive": "fkllf",
        "responsibility": "fuse"
    }
},
{
    "model": "Ambassador.ambassador",
    "pk": 5,
    "fields": {
        "user": [
            "arun"
        ],
        "college_address": "Kotbalwal JAmmu",
        "college_name": "MIET",
        "college_year": "4Th",
        "skills": "java c django",
        "motive": "cudlkgd",
        "responsibility": "qyguqfk"
    }
},
{
    "model": "Ambassador.ambassador",
    "pk": 6,
    "fields": {
        "user": [
            "arun"
        ],
        "college_address": "Kotbalwal JAmmu",
        "college_name": "MIET",
        "college_year": "4Th",
        "skills": "java c django",
        "motive": "wdkh",
        "responsibility": "wqf"
    }
},
{
    "model": "Ambassador.ambassador",
    "pk": 7,
    "fields": {
        "user": [
            "arun"
        ],
        "college_address": "Kotbalwal JAmmu",
        "college_name": "MIET",
        "college_year": "4Th",
        "skills": "java c django",
        "motive": "wdkh",
        "responsibility": "wqf"
    }
},
{
    "model": "Ambassador.ambassador",
    "pk": 8,
    "fields": {
        "user": [
            "arun"
        ],
        "college_address": "Kotbalwal JAmmu",
        "college_name": "MIET",
        "college_year": "4Th",
        "skills": "java c django",
        "motive": "wdkh",
        "responsibility": "wqf"
    }
},
{
    "model": "Ambassador.ambassador",
    "pk": 9,
    "fields": {
        "user": [
            "arun"
        ],
        "college_address": "Kotbalwal JAmmu",
        "college_name": "MIET",
        "college_year": "utaxj",
        "skills": "qagdx",
        "motive": "drhdh",
        "responsibility": "reh"
    }
},
{
    "model": "Ambassador.ambassador",
    "pk": 10,
    "fields": {
        "user": [
            "arun"
        ],
        "college_address": "Kotbalwal JAmmu",
        "college_name": "MIET",
        "college_year": "utaxj",
        "skills": "qagdx",
        "motive": "drhdh",
        "responsibility": "reh"
    }
},
{
    "model": "Ambassador.ambassador",
    "pk": 11,
    "fields": {
        "user": [
            "arun"
        ],
        "college_address": "Kotbalwal JAmmu",
        "college_name": "MIET",
        "college_year": "utaxj",
        "skills": "java c django",
        "motive": "sdv",
        "responsibility": "sv"
    }
},
{
    "model": "Ambassador.ambassador",
    "pk": 12,
    "fields": {
        "user": [
            "arun"
        ],
        "college_address": "gdvfdfgb",
        "college_name": "gfddf",
        "college_year": "gddb",
        "skills": "gdb",
        "motive": "sdfkj",
        "responsibility": "gfdb"
    }
},
{
    "model": "Ambassador.ambassador",
    "pk": 13,
    "fields": {
        "user": [
            "arun"
        ],
        "college_address": "gdvfdfgb",
        "college_name": "gfddf",
        "college_year": "gddb",
        "skills": "gdb",
        "motive": "sdfkj",
        "responsibility": "gfdb"
    }
},
{
    "model": "Ambassador.ambassador",
    "pk": 14,
    "fields": {
        "user": [
            "arun"
        ],
        "college_address": "gdvfdfgb",
        "college_name": "gfddf",
        "college_year": "gddb",
        "skills": "gdb",
        "motive": "sdfkj",
        "responsibility": "gfdb"
    }
},
{
    "model": "Ambassador.ambassador",
    "pk": 15,
    "fields": {
        "user": [
            "arun"
        ],
        "college_address": "asF",
        "college_name": "fsaf",
        "college_year": "faf",
        "skills": "asf",
        "motive": "fasffa",
        "responsibility": "saav"
    }
},
{
    "model": "Ambassador.ambassador",
    "pk": 16,
    "fields": {
        "user": [
            "arun"
        ],
        "college_address": "asF",
        "college_name": "fsaf",
        "college_year": "faf",
        "skills": "asf",
        "motive": "fasffa",
        "responsibility": "saav"
    }
},
{
    "model": "Ambassador.ambassador",
    "pk": 17,
    "fields": {
        "user": [
            "arun"
        ],
        "college_address": "ascv",
        "college_name": "v",
        "college_year": "fcv",
        "skills": "av",
        "motive": "akvckzj",
        "responsibility": "ahwkbac"
    }
},
{
    "model": "Ambassador.ambassador",
    "pk": 18,
    "fields": {
        "user": [
            "arun"
        ],
        "college_address": "jadbj",
        "college_name": "adja",
        "college_year": "hasf",
        "skills": "af s",
        "motive": "a",
        "responsibility": "dffv"
    }
},
{
    "model": "sites.site",
    "pk": 1,
    "fields": {
        "domain": "example.com",
        "name": "example.com"
    }
},
{
    "model": "sites.site",
    "pk": 2,
    "fields": {
        "domain": "https://127.0.0.1:8000",
        "name": "127.0.0.1:8000"
    }
},
{
    "model": "account.emailaddress",
    "pk": 4,
    "fields": {
        "user": [
            "vidit"
        ],
        "email": "tritronics_test@ampereplus.com",
        "verified": false,
        "primary": false
    }
},
{
    "model": "socialaccount.socialapp",
    "pk": 2,
    "fields": {
        "provider": "google",
        "name": "google",
        "client_id": "649039881177-bi2deks0dpi209s1894kipt6gr1nvum7.apps.googleusercontent.com",
        "secret": "Jmg8EHyV23Vds8NwpFXSn2vn",
        "key": "1",
        "sites": [
            [
                "https://127.0.0.1:8000"
            ]
        ]
    }
},
{
    "model": "socialaccount.socialapp",
    "pk": 3,
    "fields": {
        "provider": "facebook",
        "name": "facebook",
        "client_id": "268630547226214",
        "secret": "36490d9e7412061e3208225ea1788243",
        "key": "1",
        "sites": [
            [
                "https://127.0.0.1:8000"
            ]
        ]
    }
},
{
    "model": "manager.cartmanager",
    "pk": 13,
    "fields": {
        "product": 1,
        "user": null,
        "checkout": 24,
        "product_prices": "4730",
        "actual_prices": "5500",
        "add_time": "2018-07-27T15:02:52.381Z",
        "quantity": "10"
    }
},
{
    "model": "manager.cartmanager",
    "pk": 14,
    "fields": {
        "product": 2,
        "user": [
            "arun"
        ],
        "checkout": 25,
        "product_prices": "7500",
        "actual_prices": "10000",
        "add_time": "2018-07-27T16:08:48.779Z",
        "quantity": "25"
    }
},
{
    "model": "manager.cartmanager",
    "pk": 15,
    "fields": {
        "product": 1,
        "user": [
            "arun"
        ],
        "checkout": 25,
        "product_prices": "6765",
        "actual_prices": "8250",
        "add_time": "2018-07-27T16:08:48.956Z",
        "quantity": "15"
    }
},
{
    "model": "manager.cartmanager",
    "pk": 16,
    "fields": {
        "product": 2,
        "user": null,
        "checkout": 26,
        "product_prices": "6400",
        "actual_prices": "8000",
        "add_time": "2018-07-27T18:06:28.421Z",
        "quantity": "20"
    }
},
{
    "model": "manager.cartmanager",
    "pk": 17,
    "fields": {
        "product": 1,
        "user": null,
        "checkout": 26,
        "product_prices": "4730",
        "actual_prices": "5500",
        "add_time": "2018-07-27T18:06:28.587Z",
        "quantity": "10"
    }
},
{
    "model": "manager.cartmanager",
    "pk": 18,
    "fields": {
        "product": 1,
        "user": [
            "micky"
        ],
        "checkout": 27,
        "product_prices": "6765",
        "actual_prices": "8250",
        "add_time": "2018-07-30T10:16:39.680Z",
        "quantity": "15"
    }
},
{
    "model": "admin.logentry",
    "pk": 1,
    "fields": {
        "action_time": "2018-07-08T10:18:35.058Z",
        "user": [
            "arun"
        ],
        "content_type": [
            "products",
            "product"
        ],
        "object_id": "1",
        "object_repr": "Product object (1)",
        "action_flag": 1,
        "change_message": "[{\"added\": {}}]"
    }
},
{
    "model": "admin.logentry",
    "pk": 2,
    "fields": {
        "action_time": "2018-07-08T10:45:49.050Z",
        "user": [
            "arun"
        ],
        "content_type": [
            "products",
            "product"
        ],
        "object_id": "2",
        "object_repr": "Tritonics",
        "action_flag": 1,
        "change_message": "[{\"added\": {}}]"
    }
},
{
    "model": "admin.logentry",
    "pk": 3,
    "fields": {
        "action_time": "2018-07-08T12:14:05.610Z",
        "user": [
            "arun"
        ],
        "content_type": [
            "products",
            "product"
        ],
        "object_id": "2",
        "object_repr": "Tritonics",
        "action_flag": 2,
        "change_message": "[]"
    }
},
{
    "model": "admin.logentry",
    "pk": 4,
    "fields": {
        "action_time": "2018-07-08T12:14:14.209Z",
        "user": [
            "arun"
        ],
        "content_type": [
            "products",
            "product"
        ],
        "object_id": "1",
        "object_repr": "VT",
        "action_flag": 2,
        "change_message": "[{\"changed\": {\"fields\": [\"rtc\"]}}]"
    }
},
{
    "model": "admin.logentry",
    "pk": 5,
    "fields": {
        "action_time": "2018-07-08T16:10:31.266Z",
        "user": [
            "arun"
        ],
        "content_type": [
            "products",
            "product"
        ],
        "object_id": "1",
        "object_repr": "VT",
        "action_flag": 2,
        "change_message": "[{\"changed\": {\"fields\": [\"prod_desc\"]}}]"
    }
},
{
    "model": "admin.logentry",
    "pk": 6,
    "fields": {
        "action_time": "2018-07-08T17:03:31.891Z",
        "user": [
            "arun"
        ],
        "content_type": [
            "products",
            "product"
        ],
        "object_id": "2",
        "object_repr": "Tritonics",
        "action_flag": 2,
        "change_message": "[{\"changed\": {\"fields\": [\"sell_price\"]}}]"
    }
},
{
    "model": "admin.logentry",
    "pk": 7,
    "fields": {
        "action_time": "2018-07-09T08:16:53.551Z",
        "user": [
            "arun"
        ],
        "content_type": [
            "products",
            "product"
        ],
        "object_id": "2",
        "object_repr": "Tritonics",
        "action_flag": 2,
        "change_message": "[]"
    }
},
{
    "model": "admin.logentry",
    "pk": 9,
    "fields": {
        "action_time": "2018-07-10T12:34:09.782Z",
        "user": [
            "arun"
        ],
        "content_type": [
            "socialaccount",
            "socialapp"
        ],
        "object_id": "1",
        "object_repr": "ampereplus",
        "action_flag": 1,
        "change_message": "[{\"added\": {}}]"
    }
},
{
    "model": "admin.logentry",
    "pk": 10,
    "fields": {
        "action_time": "2018-07-10T12:35:04.738Z",
        "user": [
            "arun"
        ],
        "content_type": [
            "socialaccount",
            "socialapp"
        ],
        "object_id": "1",
        "object_repr": "ampereplus",
        "action_flag": 3,
        "change_message": ""
    }
},
{
    "model": "admin.logentry",
    "pk": 11,
    "fields": {
        "action_time": "2018-07-10T12:42:17.342Z",
        "user": [
            "arun"
        ],
        "content_type": [
            "sites",
            "site"
        ],
        "object_id": "2",
        "object_repr": "127.0.0.1:8000",
        "action_flag": 1,
        "change_message": "[{\"added\": {}}]"
    }
},
{
    "model": "admin.logentry",
    "pk": 12,
    "fields": {
        "action_time": "2018-07-10T12:44:51.879Z",
        "user": [
            "arun"
        ],
        "content_type": [
            "socialaccount",
            "socialaccount"
        ],
        "object_id": "1",
        "object_repr": "admin",
        "action_flag": 1,
        "change_message": "[{\"added\": {}}]"
    }
},
{
    "model": "admin.logentry",
    "pk": 13,
    "fields": {
        "action_time": "2018-07-10T14:01:44.892Z",
        "user": [
            "arun"
        ],
        "content_type": [
            "socialaccount",
            "socialapp"
        ],
        "object_id": "2",
        "object_repr": "google",
        "action_flag": 1,
        "change_message": "[{\"added\": {}}]"
    }
},
{
    "model": "admin.logentry",
    "pk": 14,
    "fields": {
        "action_time": "2018-07-10T14:09:04.805Z",
        "user": [
            "arun"
        ],
        "content_type": [
            "socialaccount",
            "socialapp"
        ],
        "object_id": "3",
        "object_repr": "facebook",
        "action_flag": 1,
        "change_message": "[{\"added\": {}}]"
    }
},
{
    "model": "admin.logentry",
    "pk": 17,
    "fields": {
        "action_time": "2018-07-10T14:44:10.146Z",
        "user": [
            "arun"
        ],
        "content_type": [
            "socialaccount",
            "socialapp"
        ],
        "object_id": "2",
        "object_repr": "google",
        "action_flag": 2,
        "change_message": "[{\"changed\": {\"fields\": [\"key\"]}}]"
    }
},
{
    "model": "admin.logentry",
    "pk": 18,
    "fields": {
        "action_time": "2018-07-10T15:26:27.832Z",
        "user": [
            "arun"
        ],
        "content_type": [
            "socialaccount",
            "socialapp"
        ],
        "object_id": "3",
        "object_repr": "facebook",
        "action_flag": 2,
        "change_message": "[{\"changed\": {\"fields\": [\"secret\", \"key\", \"sites\"]}}]"
    }
},
{
    "model": "admin.logentry",
    "pk": 19,
    "fields": {
        "action_time": "2018-07-10T15:28:25.278Z",
        "user": [
            "arun"
        ],
        "content_type": [
            "socialaccount",
            "socialapp"
        ],
        "object_id": "3",
        "object_repr": "facebook",
        "action_flag": 2,
        "change_message": "[{\"changed\": {\"fields\": [\"key\"]}}]"
    }
},
{
    "model": "admin.logentry",
    "pk": 20,
    "fields": {
        "action_time": "2018-07-10T15:49:10.058Z",
        "user": [
            "arun"
        ],
        "content_type": [
            "socialaccount",
            "socialapp"
        ],
        "object_id": "3",
        "object_repr": "facebook",
        "action_flag": 2,
        "change_message": "[{\"changed\": {\"fields\": [\"client_id\", \"secret\"]}}]"
    }
},
{
    "model": "admin.logentry",
    "pk": 21,
    "fields": {
        "action_time": "2018-07-10T15:54:07.431Z",
        "user": [
            "arun"
        ],
        "content_type": [
            "socialaccount",
            "socialapp"
        ],
        "object_id": "3",
        "object_repr": "facebook",
        "action_flag": 2,
        "change_message": "[{\"changed\": {\"fields\": [\"key\"]}}]"
    }
},
{
    "model": "admin.logentry",
    "pk": 22,
    "fields": {
        "action_time": "2018-07-10T16:08:42.759Z",
        "user": [
            "arun"
        ],
        "content_type": [
            "sites",
            "site"
        ],
        "object_id": "2",
        "object_repr": "https://127.0.0.1:8000/",
        "action_flag": 2,
        "change_message": "[{\"changed\": {\"fields\": [\"domain\"]}}]"
    }
},
{
    "model": "admin.logentry",
    "pk": 23,
    "fields": {
        "action_time": "2018-07-10T16:08:48.118Z",
        "user": [
            "arun"
        ],
        "content_type": [
            "sites",
            "site"
        ],
        "object_id": "2",
        "object_repr": "https://127.0.0.1:8000",
        "action_flag": 2,
        "change_message": "[{\"changed\": {\"fields\": [\"domain\"]}}]"
    }
},
{
    "model": "admin.logentry",
    "pk": 24,
    "fields": {
        "action_time": "2018-07-10T16:34:52.376Z",
        "user": [
            "arun"
        ],
        "content_type": [
            "socialaccount",
            "socialapp"
        ],
        "object_id": "3",
        "object_repr": "facebook",
        "action_flag": 2,
        "change_message": "[{\"changed\": {\"fields\": [\"client_id\", \"secret\"]}}]"
    }
},
{
    "model": "admin.logentry",
    "pk": 25,
    "fields": {
        "action_time": "2018-07-10T16:51:30.598Z",
        "user": [
            "arun"
        ],
        "content_type": [
            "socialaccount",
            "socialapp"
        ],
        "object_id": "3",
        "object_repr": "facebook",
        "action_flag": 2,
        "change_message": "[]"
    }
},
{
    "model": "admin.logentry",
    "pk": 26,
    "fields": {
        "action_time": "2018-07-10T16:55:58.269Z",
        "user": [
            "arun"
        ],
        "content_type": [
            "socialaccount",
            "socialapp"
        ],
        "object_id": "3",
        "object_repr": "facebook",
        "action_flag": 2,
        "change_message": "[{\"changed\": {\"fields\": [\"client_id\", \"secret\"]}}]"
    }
},
{
    "model": "admin.logentry",
    "pk": 27,
    "fields": {
        "action_time": "2018-07-11T08:53:35.958Z",
        "user": [
            "arun"
        ],
        "content_type": [
            "products",
            "cart"
        ],
        "object_id": "12",
        "object_repr": "arun83",
        "action_flag": 3,
        "change_message": ""
    }
},
{
    "model": "admin.logentry",
    "pk": 28,
    "fields": {
        "action_time": "2018-07-11T08:53:36.101Z",
        "user": [
            "arun"
        ],
        "content_type": [
            "products",
            "cart"
        ],
        "object_id": "11",
        "object_repr": "None",
        "action_flag": 3,
        "change_message": ""
    }
},
{
    "model": "admin.logentry",
    "pk": 29,
    "fields": {
        "action_time": "2018-07-11T08:53:36.190Z",
        "user": [
            "arun"
        ],
        "content_type": [
            "products",
            "cart"
        ],
        "object_id": "10",
        "object_repr": "None",
        "action_flag": 3,
        "change_message": ""
    }
},
{
    "model": "admin.logentry",
    "pk": 30,
    "fields": {
        "action_time": "2018-07-11T08:53:36.278Z",
        "user": [
            "arun"
        ],
        "content_type": [
            "products",
            "cart"
        ],
        "object_id": "9",
        "object_repr": "None",
        "action_flag": 3,
        "change_message": ""
    }
},
{
    "model": "admin.logentry",
    "pk": 31,
    "fields": {
        "action_time": "2018-07-11T08:53:36.367Z",
        "user": [
            "arun"
        ],
        "content_type": [
            "products",
            "cart"
        ],
        "object_id": "8",
        "object_repr": "None",
        "action_flag": 3,
        "change_message": ""
    }
},
{
    "model": "admin.logentry",
    "pk": 32,
    "fields": {
        "action_time": "2018-07-11T08:53:36.456Z",
        "user": [
            "arun"
        ],
        "content_type": [
            "products",
            "cart"
        ],
        "object_id": "7",
        "object_repr": "None",
        "action_flag": 3,
        "change_message": ""
    }
},
{
    "model": "admin.logentry",
    "pk": 33,
    "fields": {
        "action_time": "2018-07-11T08:53:36.533Z",
        "user": [
            "arun"
        ],
        "content_type": [
            "products",
            "cart"
        ],
        "object_id": "6",
        "object_repr": "None",
        "action_flag": 3,
        "change_message": ""
    }
},
{
    "model": "admin.logentry",
    "pk": 34,
    "fields": {
        "action_time": "2018-07-11T08:53:36.622Z",
        "user": [
            "arun"
        ],
        "content_type": [
            "products",
            "cart"
        ],
        "object_id": "5",
        "object_repr": "None",
        "action_flag": 3,
        "change_message": ""
    }
},
{
    "model": "admin.logentry",
    "pk": 35,
    "fields": {
        "action_time": "2018-07-11T08:53:36.710Z",
        "user": [
            "arun"
        ],
        "content_type": [
            "products",
            "cart"
        ],
        "object_id": "4",
        "object_repr": "None",
        "action_flag": 3,
        "change_message": ""
    }
},
{
    "model": "admin.logentry",
    "pk": 36,
    "fields": {
        "action_time": "2018-07-11T08:53:36.799Z",
        "user": [
            "arun"
        ],
        "content_type": [
            "products",
            "cart"
        ],
        "object_id": "3",
        "object_repr": "None",
        "action_flag": 3,
        "change_message": ""
    }
},
{
    "model": "admin.logentry",
    "pk": 37,
    "fields": {
        "action_time": "2018-07-11T08:53:36.965Z",
        "user": [
            "arun"
        ],
        "content_type": [
            "products",
            "cart"
        ],
        "object_id": "2",
        "object_repr": "None",
        "action_flag": 3,
        "change_message": ""
    }
},
{
    "model": "admin.logentry",
    "pk": 38,
    "fields": {
        "action_time": "2018-07-11T08:53:37.053Z",
        "user": [
            "arun"
        ],
        "content_type": [
            "products",
            "cart"
        ],
        "object_id": "1",
        "object_repr": "None",
        "action_flag": 3,
        "change_message": ""
    }
},
{
    "model": "admin.logentry",
    "pk": 39,
    "fields": {
        "action_time": "2018-07-11T09:50:29.659Z",
        "user": [
            "arun"
        ],
        "content_type": [
            "products",
            "cart"
        ],
        "object_id": "15",
        "object_repr": "arun",
        "action_flag": 3,
        "change_message": ""
    }
},
{
    "model": "admin.logentry",
    "pk": 40,
    "fields": {
        "action_time": "2018-07-11T09:50:29.805Z",
        "user": [
            "arun"
        ],
        "content_type": [
            "products",
            "cart"
        ],
        "object_id": "14",
        "object_repr": "arun",
        "action_flag": 3,
        "change_message": ""
    }
},
{
    "model": "admin.logentry",
    "pk": 41,
    "fields": {
        "action_time": "2018-07-11T09:50:29.916Z",
        "user": [
            "arun"
        ],
        "content_type": [
            "products",
            "cart"
        ],
        "object_id": "13",
        "object_repr": "arun",
        "action_flag": 3,
        "change_message": ""
    }
},
{
    "model": "admin.logentry",
    "pk": 42,
    "fields": {
        "action_time": "2018-07-11T16:47:01.167Z",
        "user": [
            "arun"
        ],
        "content_type": [
            "products",
            "cart"
        ],
        "object_id": "20",
        "object_repr": "arun83",
        "action_flag": 3,
        "change_message": ""
    }
},
{
    "model": "admin.logentry",
    "pk": 43,
    "fields": {
        "action_time": "2018-07-11T16:47:13.900Z",
        "user": [
            "arun"
        ],
        "content_type": [
            "products",
            "cart"
        ],
        "object_id": "22",
        "object_repr": "admin",
        "action_flag": 3,
        "change_message": ""
    }
},
{
    "model": "admin.logentry",
    "pk": 44,
    "fields": {
        "action_time": "2018-07-12T06:25:08.322Z",
        "user": [
            "arun"
        ],
        "content_type": [
            "accounts",
            "profile"
        ],
        "object_id": "2",
        "object_repr": "arun",
        "action_flag": 2,
        "change_message": "[{\"changed\": {\"fields\": [\"address\", \"zipcode\"]}}]"
    }
},
{
    "model": "admin.logentry",
    "pk": 45,
    "fields": {
        "action_time": "2018-07-12T08:37:18.404Z",
        "user": [
            "arun"
        ],
        "content_type": [
            "products",
            "product"
        ],
        "object_id": "2",
        "object_repr": "Tritonics",
        "action_flag": 2,
        "change_message": "[{\"changed\": {\"fields\": [\"prod_desc\"]}}]"
    }
},
{
    "model": "admin.logentry",
    "pk": 46,
    "fields": {
        "action_time": "2018-07-12T08:42:57.809Z",
        "user": [
            "arun"
        ],
        "content_type": [
            "products",
            "product"
        ],
        "object_id": "2",
        "object_repr": "Test 1",
        "action_flag": 2,
        "change_message": "[{\"changed\": {\"fields\": [\"prod_name\"]}}]"
    }
},
{
    "model": "admin.logentry",
    "pk": 47,
    "fields": {
        "action_time": "2018-07-12T08:43:06.089Z",
        "user": [
            "arun"
        ],
        "content_type": [
            "products",
            "product"
        ],
        "object_id": "1",
        "object_repr": "Test 2",
        "action_flag": 2,
        "change_message": "[{\"changed\": {\"fields\": [\"prod_name\"]}}]"
    }
},
{
    "model": "admin.logentry",
    "pk": 49,
    "fields": {
        "action_time": "2018-07-13T08:04:09.226Z",
        "user": [
            "arun"
        ],
        "content_type": [
            "auth",
            "user"
        ],
        "object_id": "1",
        "object_repr": "arun",
        "action_flag": 2,
        "change_message": "[{\"changed\": {\"fields\": [\"first_name\", \"last_name\"]}}]"
    }
},
{
    "model": "admin.logentry",
    "pk": 50,
    "fields": {
        "action_time": "2018-07-17T09:47:18.920Z",
        "user": [
            "arun"
        ],
        "content_type": [
            "accounts",
            "profile"
        ],
        "object_id": "2",
        "object_repr": "arun",
        "action_flag": 2,
        "change_message": "[{\"changed\": {\"fields\": [\"zipcode\", \"tc\"]}}]"
    }
},
{
    "model": "admin.logentry",
    "pk": 51,
    "fields": {
        "action_time": "2018-07-17T09:47:46.835Z",
        "user": [
            "arun"
        ],
        "content_type": [
            "accounts",
            "profile"
        ],
        "object_id": "2",
        "object_repr": "arun",
        "action_flag": 2,
        "change_message": "[{\"changed\": {\"fields\": [\"tc\"]}}]"
    }
},
{
    "model": "admin.logentry",
    "pk": 52,
    "fields": {
        "action_time": "2018-07-17T09:50:50.980Z",
        "user": [
            "arun"
        ],
        "content_type": [
            "accounts",
            "profile"
        ],
        "object_id": "2",
        "object_repr": "arun",
        "action_flag": 2,
        "change_message": "[{\"changed\": {\"fields\": [\"tc\"]}}]"
    }
},
{
    "model": "admin.logentry",
    "pk": 53,
    "fields": {
        "action_time": "2018-07-17T09:59:54.634Z",
        "user": [
            "arun"
        ],
        "content_type": [
            "accounts",
            "profile"
        ],
        "object_id": "2",
        "object_repr": "arun",
        "action_flag": 2,
        "change_message": "[{\"changed\": {\"fields\": [\"tc\"]}}]"
    }
},
{
    "model": "admin.logentry",
    "pk": 54,
    "fields": {
        "action_time": "2018-07-17T10:03:47.267Z",
        "user": [
            "arun"
        ],
        "content_type": [
            "accounts",
            "profile"
        ],
        "object_id": "2",
        "object_repr": "arun",
        "action_flag": 2,
        "change_message": "[{\"changed\": {\"fields\": [\"tc\"]}}]"
    }
},
{
    "model": "admin.logentry",
    "pk": 55,
    "fields": {
        "action_time": "2018-07-17T10:06:21.304Z",
        "user": [
            "arun"
        ],
        "content_type": [
            "accounts",
            "profile"
        ],
        "object_id": "2",
        "object_repr": "arun",
        "action_flag": 2,
        "change_message": "[{\"changed\": {\"fields\": [\"tc\"]}}]"
    }
},
{
    "model": "admin.logentry",
    "pk": 56,
    "fields": {
        "action_time": "2018-07-17T10:06:55.900Z",
        "user": [
            "arun"
        ],
        "content_type": [
            "accounts",
            "profile"
        ],
        "object_id": "2",
        "object_repr": "arun",
        "action_flag": 2,
        "change_message": "[{\"changed\": {\"fields\": [\"tc\"]}}]"
    }
},
{
    "model": "admin.logentry",
    "pk": 57,
    "fields": {
        "action_time": "2018-07-17T10:11:24.521Z",
        "user": [
            "arun"
        ],
        "content_type": [
            "accounts",
            "profile"
        ],
        "object_id": "2",
        "object_repr": "arun",
        "action_flag": 2,
        "change_message": "[{\"changed\": {\"fields\": [\"tc\"]}}]"
    }
},
{
    "model": "admin.logentry",
    "pk": 58,
    "fields": {
        "action_time": "2018-07-17T10:12:30.438Z",
        "user": [
            "arun"
        ],
        "content_type": [
            "accounts",
            "profile"
        ],
        "object_id": "2",
        "object_repr": "arun",
        "action_flag": 2,
        "change_message": "[{\"changed\": {\"fields\": [\"tc\"]}}]"
    }
},
{
    "model": "admin.logentry",
    "pk": 59,
    "fields": {
        "action_time": "2018-07-17T10:19:57.562Z",
        "user": [
            "arun"
        ],
        "content_type": [
            "accounts",
            "profile"
        ],
        "object_id": "2",
        "object_repr": "arun",
        "action_flag": 2,
        "change_message": "[{\"changed\": {\"fields\": [\"phone\", \"tc\"]}}]"
    }
},
{
    "model": "admin.logentry",
    "pk": 60,
    "fields": {
        "action_time": "2018-07-17T10:23:50.451Z",
        "user": [
            "arun"
        ],
        "content_type": [
            "accounts",
            "profile"
        ],
        "object_id": "2",
        "object_repr": "arun",
        "action_flag": 2,
        "change_message": "[{\"changed\": {\"fields\": [\"address\", \"tc\"]}}]"
    }
},
{
    "model": "admin.logentry",
    "pk": 61,
    "fields": {
        "action_time": "2018-07-17T10:24:03.312Z",
        "user": [
            "arun"
        ],
        "content_type": [
            "accounts",
            "profile"
        ],
        "object_id": "2",
        "object_repr": "arun",
        "action_flag": 2,
        "change_message": "[{\"changed\": {\"fields\": [\"tc\"]}}]"
    }
},
{
    "model": "admin.logentry",
    "pk": 62,
    "fields": {
        "action_time": "2018-07-18T07:22:39.903Z",
        "user": [
            "arun"
        ],
        "content_type": [
            "auth",
            "user"
        ],
        "object_id": "9",
        "object_repr": "micky",
        "action_flag": 2,
        "change_message": "[{\"changed\": {\"fields\": [\"is_staff\"]}}]"
    }
},
{
    "model": "admin.logentry",
    "pk": 63,
    "fields": {
        "action_time": "2018-07-18T18:55:24.799Z",
        "user": [
            "arun"
        ],
        "content_type": [
            "products",
            "checkout"
        ],
        "object_id": "12",
        "object_repr": "86154",
        "action_flag": 3,
        "change_message": ""
    }
},
{
    "model": "admin.logentry",
    "pk": 64,
    "fields": {
        "action_time": "2018-07-18T18:55:24.888Z",
        "user": [
            "arun"
        ],
        "content_type": [
            "products",
            "checkout"
        ],
        "object_id": "11",
        "object_repr": "329462",
        "action_flag": 3,
        "change_message": ""
    }
},
{
    "model": "admin.logentry",
    "pk": 65,
    "fields": {
        "action_time": "2018-07-18T18:55:24.987Z",
        "user": [
            "arun"
        ],
        "content_type": [
            "products",
            "checkout"
        ],
        "object_id": "10",
        "object_repr": "324819",
        "action_flag": 3,
        "change_message": ""
    }
},
{
    "model": "admin.logentry",
    "pk": 66,
    "fields": {
        "action_time": "2018-07-18T18:55:25.087Z",
        "user": [
            "arun"
        ],
        "content_type": [
            "products",
            "checkout"
        ],
        "object_id": "9",
        "object_repr": "538162",
        "action_flag": 3,
        "change_message": ""
    }
},
{
    "model": "admin.logentry",
    "pk": 67,
    "fields": {
        "action_time": "2018-07-18T18:55:25.220Z",
        "user": [
            "arun"
        ],
        "content_type": [
            "products",
            "checkout"
        ],
        "object_id": "8",
        "object_repr": "88749",
        "action_flag": 3,
        "change_message": ""
    }
},
{
    "model": "admin.logentry",
    "pk": 68,
    "fields": {
        "action_time": "2018-07-18T18:55:25.309Z",
        "user": [
            "arun"
        ],
        "content_type": [
            "products",
            "checkout"
        ],
        "object_id": "7",
        "object_repr": "88749",
        "action_flag": 3,
        "change_message": ""
    }
},
{
    "model": "admin.logentry",
    "pk": 69,
    "fields": {
        "action_time": "2018-07-18T18:55:25.397Z",
        "user": [
            "arun"
        ],
        "content_type": [
            "products",
            "checkout"
        ],
        "object_id": "6",
        "object_repr": "88749",
        "action_flag": 3,
        "change_message": ""
    }
},
{
    "model": "admin.logentry",
    "pk": 70,
    "fields": {
        "action_time": "2018-07-18T18:55:25.485Z",
        "user": [
            "arun"
        ],
        "content_type": [
            "products",
            "checkout"
        ],
        "object_id": "5",
        "object_repr": "49674",
        "action_flag": 3,
        "change_message": ""
    }
},
{
    "model": "admin.logentry",
    "pk": 71,
    "fields": {
        "action_time": "2018-07-18T18:55:25.574Z",
        "user": [
            "arun"
        ],
        "content_type": [
            "products",
            "checkout"
        ],
        "object_id": "4",
        "object_repr": "428728",
        "action_flag": 3,
        "change_message": ""
    }
},
{
    "model": "admin.logentry",
    "pk": 72,
    "fields": {
        "action_time": "2018-07-18T18:55:25.663Z",
        "user": [
            "arun"
        ],
        "content_type": [
            "products",
            "checkout"
        ],
        "object_id": "3",
        "object_repr": "894129",
        "action_flag": 3,
        "change_message": ""
    }
},
{
    "model": "admin.logentry",
    "pk": 73,
    "fields": {
        "action_time": "2018-07-18T18:55:25.751Z",
        "user": [
            "arun"
        ],
        "content_type": [
            "products",
            "checkout"
        ],
        "object_id": "2",
        "object_repr": "901557",
        "action_flag": 3,
        "change_message": ""
    }
},
{
    "model": "admin.logentry",
    "pk": 74,
    "fields": {
        "action_time": "2018-07-18T18:55:25.869Z",
        "user": [
            "arun"
        ],
        "content_type": [
            "products",
            "checkout"
        ],
        "object_id": "1",
        "object_repr": "267612",
        "action_flag": 3,
        "change_message": ""
    }
},
{
    "model": "admin.logentry",
    "pk": 75,
    "fields": {
        "action_time": "2018-07-19T06:40:33.470Z",
        "user": [
            "arun"
        ],
        "content_type": [
            "products",
            "product"
        ],
        "object_id": "1",
        "object_repr": "Test 2",
        "action_flag": 2,
        "change_message": "[{\"changed\": {\"fields\": [\"prod_desc\"]}}]"
    }
},
{
    "model": "admin.logentry",
    "pk": 76,
    "fields": {
        "action_time": "2018-07-19T06:41:10.263Z",
        "user": [
            "arun"
        ],
        "content_type": [
            "products",
            "product"
        ],
        "object_id": "3",
        "object_repr": "Test3",
        "action_flag": 1,
        "change_message": "[{\"added\": {}}]"
    }
},
{
    "model": "admin.logentry",
    "pk": 77,
    "fields": {
        "action_time": "2018-07-20T10:11:33.396Z",
        "user": [
            "arun"
        ],
        "content_type": [
            "products",
            "product"
        ],
        "object_id": "3",
        "object_repr": "Test3",
        "action_flag": 2,
        "change_message": "[{\"changed\": {\"fields\": [\"storage\", \"antenna\"]}}]"
    }
},
{
    "model": "admin.logentry",
    "pk": 78,
    "fields": {
        "action_time": "2018-07-26T08:17:10.436Z",
        "user": [
            "arun"
        ],
        "content_type": [
            "auth",
            "user"
        ],
        "object_id": "4",
        "object_repr": "arun83",
        "action_flag": 3,
        "change_message": ""
    }
},
{
    "model": "admin.logentry",
    "pk": 79,
    "fields": {
        "action_time": "2018-07-26T12:17:54.200Z",
        "user": [
            "arun"
        ],
        "content_type": [
            "products",
            "cart"
        ],
        "object_id": "85",
        "object_repr": "None",
        "action_flag": 3,
        "change_message": ""
    }
},
{
    "model": "admin.logentry",
    "pk": 80,
    "fields": {
        "action_time": "2018-07-26T12:17:54.276Z",
        "user": [
            "arun"
        ],
        "content_type": [
            "products",
            "cart"
        ],
        "object_id": "84",
        "object_repr": "None",
        "action_flag": 3,
        "change_message": ""
    }
},
{
    "model": "admin.logentry",
    "pk": 81,
    "fields": {
        "action_time": "2018-07-26T12:17:54.354Z",
        "user": [
            "arun"
        ],
        "content_type": [
            "products",
            "cart"
        ],
        "object_id": "83",
        "object_repr": "None",
        "action_flag": 3,
        "change_message": ""
    }
},
{
    "model": "admin.logentry",
    "pk": 82,
    "fields": {
        "action_time": "2018-07-26T12:17:54.431Z",
        "user": [
            "arun"
        ],
        "content_type": [
            "products",
            "cart"
        ],
        "object_id": "82",
        "object_repr": "None",
        "action_flag": 3,
        "change_message": ""
    }
},
{
    "model": "admin.logentry",
    "pk": 83,
    "fields": {
        "action_time": "2018-07-26T12:17:54.509Z",
        "user": [
            "arun"
        ],
        "content_type": [
            "products",
            "cart"
        ],
        "object_id": "81",
        "object_repr": "None",
        "action_flag": 3,
        "change_message": ""
    }
},
{
    "model": "admin.logentry",
    "pk": 84,
    "fields": {
        "action_time": "2018-07-26T12:17:54.608Z",
        "user": [
            "arun"
        ],
        "content_type": [
            "products",
            "cart"
        ],
        "object_id": "80",
        "object_repr": "None",
        "action_flag": 3,
        "change_message": ""
    }
},
{
    "model": "admin.logentry",
    "pk": 85,
    "fields": {
        "action_time": "2018-07-26T12:17:54.697Z",
        "user": [
            "arun"
        ],
        "content_type": [
            "products",
            "cart"
        ],
        "object_id": "79",
        "object_repr": "None",
        "action_flag": 3,
        "change_message": ""
    }
},
{
    "model": "admin.logentry",
    "pk": 86,
    "fields": {
        "action_time": "2018-07-26T12:17:54.785Z",
        "user": [
            "arun"
        ],
        "content_type": [
            "products",
            "cart"
        ],
        "object_id": "78",
        "object_repr": "None",
        "action_flag": 3,
        "change_message": ""
    }
},
{
    "model": "admin.logentry",
    "pk": 87,
    "fields": {
        "action_time": "2018-07-26T12:17:54.874Z",
        "user": [
            "arun"
        ],
        "content_type": [
            "products",
            "cart"
        ],
        "object_id": "77",
        "object_repr": "None",
        "action_flag": 3,
        "change_message": ""
    }
},
{
    "model": "admin.logentry",
    "pk": 88,
    "fields": {
        "action_time": "2018-07-26T12:17:54.963Z",
        "user": [
            "arun"
        ],
        "content_type": [
            "products",
            "cart"
        ],
        "object_id": "21",
        "object_repr": "admin",
        "action_flag": 3,
        "change_message": ""
    }
},
{
    "model": "admin.logentry",
    "pk": 89,
    "fields": {
        "action_time": "2018-07-26T12:24:10.448Z",
        "user": [
            "arun"
        ],
        "content_type": [
            "products",
            "cart"
        ],
        "object_id": "87",
        "object_repr": "None",
        "action_flag": 3,
        "change_message": ""
    }
},
{
    "model": "admin.logentry",
    "pk": 90,
    "fields": {
        "action_time": "2018-07-26T12:24:10.526Z",
        "user": [
            "arun"
        ],
        "content_type": [
            "products",
            "cart"
        ],
        "object_id": "86",
        "object_repr": "None",
        "action_flag": 3,
        "change_message": ""
    }
},
{
    "model": "admin.logentry",
    "pk": 91,
    "fields": {
        "action_time": "2018-07-26T12:27:15.953Z",
        "user": [
            "arun"
        ],
        "content_type": [
            "products",
            "cart"
        ],
        "object_id": "88",
        "object_repr": "None",
        "action_flag": 3,
        "change_message": ""
    }
},
{
    "model": "admin.logentry",
    "pk": 92,
    "fields": {
        "action_time": "2018-07-26T15:49:52.901Z",
        "user": [
            "arun"
        ],
        "content_type": [
            "products",
            "cart"
        ],
        "object_id": "92",
        "object_repr": "admin",
        "action_flag": 3,
        "change_message": ""
    }
},
{
    "model": "admin.logentry",
    "pk": 93,
    "fields": {
        "action_time": "2018-07-26T15:49:53.041Z",
        "user": [
            "arun"
        ],
        "content_type": [
            "products",
            "cart"
        ],
        "object_id": "91",
        "object_repr": "None",
        "action_flag": 3,
        "change_message": ""
    }
},
{
    "model": "admin.logentry",
    "pk": 94,
    "fields": {
        "action_time": "2018-07-26T15:49:53.141Z",
        "user": [
            "arun"
        ],
        "content_type": [
            "products",
            "cart"
        ],
        "object_id": "90",
        "object_repr": "None",
        "action_flag": 3,
        "change_message": ""
    }
},
{
    "model": "admin.logentry",
    "pk": 95,
    "fields": {
        "action_time": "2018-07-26T15:49:53.229Z",
        "user": [
            "arun"
        ],
        "content_type": [
            "products",
            "cart"
        ],
        "object_id": "89",
        "object_repr": "None",
        "action_flag": 3,
        "change_message": ""
    }
},
{
    "model": "admin.logentry",
    "pk": 96,
    "fields": {
        "action_time": "2018-07-26T20:04:17.502Z",
        "user": [
            "arun"
        ],
        "content_type": [
            "products",
            "cart"
        ],
        "object_id": "95",
        "object_repr": "Test 2",
        "action_flag": 3,
        "change_message": ""
    }
},
{
    "model": "admin.logentry",
    "pk": 97,
    "fields": {
        "action_time": "2018-07-26T20:04:17.573Z",
        "user": [
            "arun"
        ],
        "content_type": [
            "products",
            "cart"
        ],
        "object_id": "93",
        "object_repr": "Test 2",
        "action_flag": 3,
        "change_message": ""
    }
},
{
    "model": "admin.logentry",
    "pk": 98,
    "fields": {
        "action_time": "2018-07-27T11:22:27.474Z",
        "user": [
            "arun"
        ],
        "content_type": [
            "products",
            "cart"
        ],
        "object_id": "97",
        "object_repr": "Test 1",
        "action_flag": 3,
        "change_message": ""
    }
},
{
    "model": "admin.logentry",
    "pk": 99,
    "fields": {
        "action_time": "2018-07-27T11:24:36.604Z",
        "user": [
            "arun"
        ],
        "content_type": [
            "products",
            "cart"
        ],
        "object_id": "104",
        "object_repr": "Test 2",
        "action_flag": 3,
        "change_message": ""
    }
},
{
    "model": "admin.logentry",
    "pk": 100,
    "fields": {
        "action_time": "2018-07-27T11:26:17.148Z",
        "user": [
            "arun"
        ],
        "content_type": [
            "products",
            "cart"
        ],
        "object_id": "108",
        "object_repr": "Test 2",
        "action_flag": 3,
        "change_message": ""
    }
},
{
    "model": "admin.logentry",
    "pk": 101,
    "fields": {
        "action_time": "2018-07-27T11:26:17.259Z",
        "user": [
            "arun"
        ],
        "content_type": [
            "products",
            "cart"
        ],
        "object_id": "107",
        "object_repr": "Test3",
        "action_flag": 3,
        "change_message": ""
    }
},
{
    "model": "admin.logentry",
    "pk": 102,
    "fields": {
        "action_time": "2018-07-27T11:26:17.348Z",
        "user": [
            "arun"
        ],
        "content_type": [
            "products",
            "cart"
        ],
        "object_id": "106",
        "object_repr": "Test 1",
        "action_flag": 3,
        "change_message": ""
    }
},
{
    "model": "admin.logentry",
    "pk": 103,
    "fields": {
        "action_time": "2018-07-27T11:26:17.439Z",
        "user": [
            "arun"
        ],
        "content_type": [
            "products",
            "cart"
        ],
        "object_id": "105",
        "object_repr": "Test 1",
        "action_flag": 3,
        "change_message": ""
    }
},
{
    "model": "admin.logentry",
    "pk": 104,
    "fields": {
        "action_time": "2018-07-27T11:27:15.712Z",
        "user": [
            "arun"
        ],
        "content_type": [
            "products",
            "cart"
        ],
        "object_id": "110",
        "object_repr": "Test 1",
        "action_flag": 3,
        "change_message": ""
    }
},
{
    "model": "admin.logentry",
    "pk": 105,
    "fields": {
        "action_time": "2018-07-27T11:27:15.842Z",
        "user": [
            "arun"
        ],
        "content_type": [
            "products",
            "cart"
        ],
        "object_id": "109",
        "object_repr": "Test 1",
        "action_flag": 3,
        "change_message": ""
    }
},
{
    "model": "admin.logentry",
    "pk": 106,
    "fields": {
        "action_time": "2018-07-27T13:01:22.126Z",
        "user": [
            "arun"
        ],
        "content_type": [
            "products",
            "cart"
        ],
        "object_id": "118",
        "object_repr": "Test 2",
        "action_flag": 3,
        "change_message": ""
    }
},
{
    "model": "admin.logentry",
    "pk": 107,
    "fields": {
        "action_time": "2018-07-27T13:01:22.209Z",
        "user": [
            "arun"
        ],
        "content_type": [
            "products",
            "cart"
        ],
        "object_id": "117",
        "object_repr": "Test 2",
        "action_flag": 3,
        "change_message": ""
    }
},
{
    "model": "admin.logentry",
    "pk": 108,
    "fields": {
        "action_time": "2018-07-27T13:01:22.320Z",
        "user": [
            "arun"
        ],
        "content_type": [
            "products",
            "cart"
        ],
        "object_id": "116",
        "object_repr": "Test 2",
        "action_flag": 3,
        "change_message": ""
    }
},
{
    "model": "admin.logentry",
    "pk": 109,
    "fields": {
        "action_time": "2018-07-27T13:01:22.441Z",
        "user": [
            "arun"
        ],
        "content_type": [
            "products",
            "cart"
        ],
        "object_id": "115",
        "object_repr": "Test 1",
        "action_flag": 3,
        "change_message": ""
    }
},
{
    "model": "admin.logentry",
    "pk": 110,
    "fields": {
        "action_time": "2018-07-27T13:01:22.530Z",
        "user": [
            "arun"
        ],
        "content_type": [
            "products",
            "cart"
        ],
        "object_id": "114",
        "object_repr": "Test 2",
        "action_flag": 3,
        "change_message": ""
    }
},
{
    "model": "admin.logentry",
    "pk": 111,
    "fields": {
        "action_time": "2018-07-27T13:01:22.630Z",
        "user": [
            "arun"
        ],
        "content_type": [
            "products",
            "cart"
        ],
        "object_id": "113",
        "object_repr": "Test3",
        "action_flag": 3,
        "change_message": ""
    }
},
{
    "model": "admin.logentry",
    "pk": 112,
    "fields": {
        "action_time": "2018-07-27T13:01:22.729Z",
        "user": [
            "arun"
        ],
        "content_type": [
            "products",
            "cart"
        ],
        "object_id": "112",
        "object_repr": "Test 1",
        "action_flag": 3,
        "change_message": ""
    }
},
{
    "model": "admin.logentry",
    "pk": 113,
    "fields": {
        "action_time": "2018-07-27T13:01:22.829Z",
        "user": [
            "arun"
        ],
        "content_type": [
            "products",
            "cart"
        ],
        "object_id": "111",
        "object_repr": "Test 2",
        "action_flag": 3,
        "change_message": ""
    }
},
{
    "model": "admin.logentry",
    "pk": 114,
    "fields": {
        "action_time": "2018-07-27T15:00:56.669Z",
        "user": [
            "arun"
        ],
        "content_type": [
            "products",
            "checkout"
        ],
        "object_id": "23",
        "object_repr": "54812748",
        "action_flag": 3,
        "change_message": ""
    }
},
{
    "model": "admin.logentry",
    "pk": 115,
    "fields": {
        "action_time": "2018-07-27T15:00:56.802Z",
        "user": [
            "arun"
        ],
        "content_type": [
            "products",
            "checkout"
        ],
        "object_id": "22",
        "object_repr": "54812748",
        "action_flag": 3,
        "change_message": ""
    }
},
{
    "model": "admin.logentry",
    "pk": 116,
    "fields": {
        "action_time": "2018-07-27T15:00:56.891Z",
        "user": [
            "arun"
        ],
        "content_type": [
            "products",
            "checkout"
        ],
        "object_id": "21",
        "object_repr": "54812748",
        "action_flag": 3,
        "change_message": ""
    }
},
{
    "model": "admin.logentry",
    "pk": 117,
    "fields": {
        "action_time": "2018-07-27T15:00:56.980Z",
        "user": [
            "arun"
        ],
        "content_type": [
            "products",
            "checkout"
        ],
        "object_id": "20",
        "object_repr": "54812748",
        "action_flag": 3,
        "change_message": ""
    }
},
{
    "model": "admin.logentry",
    "pk": 118,
    "fields": {
        "action_time": "2018-07-27T15:00:57.068Z",
        "user": [
            "arun"
        ],
        "content_type": [
            "products",
            "checkout"
        ],
        "object_id": "19",
        "object_repr": "54812748",
        "action_flag": 3,
        "change_message": ""
    }
},
{
    "model": "admin.logentry",
    "pk": 119,
    "fields": {
        "action_time": "2018-07-27T15:00:57.157Z",
        "user": [
            "arun"
        ],
        "content_type": [
            "products",
            "checkout"
        ],
        "object_id": "18",
        "object_repr": "54812748",
        "action_flag": 3,
        "change_message": ""
    }
},
{
    "model": "admin.logentry",
    "pk": 120,
    "fields": {
        "action_time": "2018-07-27T15:00:57.245Z",
        "user": [
            "arun"
        ],
        "content_type": [
            "products",
            "checkout"
        ],
        "object_id": "17",
        "object_repr": "49702518",
        "action_flag": 3,
        "change_message": ""
    }
},
{
    "model": "admin.logentry",
    "pk": 121,
    "fields": {
        "action_time": "2018-07-27T15:00:57.345Z",
        "user": [
            "arun"
        ],
        "content_type": [
            "products",
            "checkout"
        ],
        "object_id": "15",
        "object_repr": "355034",
        "action_flag": 3,
        "change_message": ""
    }
},
{
    "model": "admin.logentry",
    "pk": 122,
    "fields": {
        "action_time": "2018-07-27T15:00:57.433Z",
        "user": [
            "arun"
        ],
        "content_type": [
            "products",
            "checkout"
        ],
        "object_id": "13",
        "object_repr": "144595",
        "action_flag": 3,
        "change_message": ""
    }
},
{
    "model": "admin.logentry",
    "pk": 123,
    "fields": {
        "action_time": "2018-07-30T09:47:30.061Z",
        "user": [
            "arun"
        ],
        "content_type": [
            "products",
            "product"
        ],
        "object_id": "4",
        "object_repr": "Test 4",
        "action_flag": 1,
        "change_message": "[{\"added\": {}}]"
    }
},
{
    "model": "admin.logentry",
    "pk": 124,
    "fields": {
        "action_time": "2018-07-30T10:13:18.036Z",
        "user": [
            "arun"
        ],
        "content_type": [
            "auth",
            "user"
        ],
        "object_id": "2",
        "object_repr": "admin",
        "action_flag": 3,
        "change_message": ""
    }
},
{
    "model": "admin.logentry",
    "pk": 125,
    "fields": {
        "action_time": "2018-07-30T10:13:18.146Z",
        "user": [
            "arun"
        ],
        "content_type": [
            "auth",
            "user"
        ],
        "object_id": "8",
        "object_repr": "admin1",
        "action_flag": 3,
        "change_message": ""
    }
},
{
    "model": "admin.logentry",
    "pk": 126,
    "fields": {
        "action_time": "2018-07-30T10:13:18.235Z",
        "user": [
            "arun"
        ],
        "content_type": [
            "auth",
            "user"
        ],
        "object_id": "3",
        "object_repr": "anmol",
        "action_flag": 3,
        "change_message": ""
    }
},
{
    "model": "admin.logentry",
    "pk": 127,
    "fields": {
        "action_time": "2018-07-30T10:13:18.323Z",
        "user": [
            "arun"
        ],
        "content_type": [
            "auth",
            "user"
        ],
        "object_id": "5",
        "object_repr": "arti",
        "action_flag": 3,
        "change_message": ""
    }
},
{
    "model": "admin.logentry",
    "pk": 128,
    "fields": {
        "action_time": "2018-07-30T10:13:18.423Z",
        "user": [
            "arun"
        ],
        "content_type": [
            "auth",
            "user"
        ],
        "object_id": "6",
        "object_repr": "arun03",
        "action_flag": 3,
        "change_message": ""
    }
},
{
    "model": "admin.logentry",
    "pk": 129,
    "fields": {
        "action_time": "2018-07-30T10:13:18.552Z",
        "user": [
            "arun"
        ],
        "content_type": [
            "auth",
            "user"
        ],
        "object_id": "14",
        "object_repr": "arun_sharma",
        "action_flag": 3,
        "change_message": ""
    }
},
{
    "model": "admin.logentry",
    "pk": 130,
    "fields": {
        "action_time": "2018-07-30T10:21:03.589Z",
        "user": [
            "arun"
        ],
        "content_type": [
            "auth",
            "user"
        ],
        "object_id": "13",
        "object_repr": "kanav",
        "action_flag": 3,
        "change_message": ""
    }
},
{
    "model": "admin.logentry",
    "pk": 131,
    "fields": {
        "action_time": "2018-07-30T10:21:03.679Z",
        "user": [
            "arun"
        ],
        "content_type": [
            "auth",
            "user"
        ],
        "object_id": "10",
        "object_repr": "sunil",
        "action_flag": 3,
        "change_message": ""
    }
},
{
    "model": "admin.logentry",
    "pk": 132,
    "fields": {
        "action_time": "2018-07-30T10:21:03.768Z",
        "user": [
            "arun"
        ],
        "content_type": [
            "auth",
            "user"
        ],
        "object_id": "12",
        "object_repr": "test",
        "action_flag": 3,
        "change_message": ""
    }
},
{
    "model": "admin.logentry",
    "pk": 133,
    "fields": {
        "action_time": "2018-07-30T10:21:03.856Z",
        "user": [
            "arun"
        ],
        "content_type": [
            "auth",
            "user"
        ],
        "object_id": "11",
        "object_repr": "yogesh",
        "action_flag": 3,
        "change_message": ""
    }
}
]
